,Car,Price,Year,Region,Body,Engine_volume,Mileage,Transmission,Steering_wheel,Color
0,Chevrolet Tracker,5850000,2015,Петропавловск,кроссовер,1.8,46000,автомат,слева,красный металлик
1,Opel Frontera,1650000,1994,Талдыкорган,внедорожник,2.3,0,механика,слева,синий металлик
2,Renault Sandero Stepway,3990000,2014,Караганда,хэтчбек,1.6,110000,автомат,слева,коричневый металлик
3,Toyota Land Cruiser,16800000,2010,Алматы,внедорожник,4,220000,автомат,слева,белый
4,Mitsubishi Pajero,8000000,2007,Алматы,внедорожник,3,137000,автомат,слева,черный
5,Toyota Camry,3800000,2003,Алматы,седан,2.4,0,автомат,слева,белый
6,Mazda MPV,3000000,1999,Талдыкорган,минивэн,2.5,0,автомат,справа,зеленый
7,Mitsubishi Pajero,7500000,2008,Актобе,внедорожник,3,219000,автомат,слева,серебристый металлик
8,Mitsubishi RVR,1600000,1995,Алматы,минивэн,2,444444,автомат,справа,полный привод
9,Audi 100,2500000,1994,Караганда,универсал,2.8,300000,автомат,слева,передний привод
10,Opel Zafira,2300000,2001,Актобе,минивэн,2.2,160000,автомат,слева,серебристый
11,Nissan Juke,5950000,2013,Актау,кроссовер,1.6,39000,вариатор,слева,белый
12,Toyota Camry,13900000,2019,Атырау,седан,2.5,18000,автомат,слева,белый
13,Opel Vectra,950000,1991,Шымкент,седан,2,145000,механика,слева,синий
14,Toyota Highlander,8800000,2008,Алматы,кроссовер,3.5,210000,автомат,слева,серый металлик
15,Daewoo Matiz,900000,2000,Шымкент,хэтчбек,8,0,механика,слева,серебристый
16,Volkswagen Passat,2300000,2001,Актобе,универсал,1.8,234500,механика,слева,черный
17,Hyundai Sonata,3700000,2011,Жанаозен,седан,2.4,197102,автомат,слева,бордовый
18,Subaru Forester,3300000,2001,Алматы,кроссовер,2.5,220323,автомат,слева,серебристый металлик
19,Land Rover Range Rover,3000000,2004,Талдыкорган,внедорожник,4.4,0,автомат,слева,белый
20,Chevrolet Tracker,5850000,2015,Петропавловск,кроссовер,1.8,46000,автомат,слева,красный металлик
21,Opel Frontera,1650000,1994,Талдыкорган,внедорожник,2.3,0,механика,слева,синий металлик
22,Renault Sandero Stepway,3990000,2014,Караганда,хэтчбек,1.6,110000,автомат,слева,коричневый металлик
23,Toyota Land Cruiser,16800000,2010,Алматы,внедорожник,4,220000,автомат,слева,белый
24,Mitsubishi Pajero,8000000,2007,Алматы,внедорожник,3,137000,автомат,слева,черный
25,Toyota Camry,3800000,2003,Алматы,седан,2.4,0,автомат,слева,белый
26,Mazda MPV,3000000,1999,Талдыкорган,минивэн,2.5,0,автомат,справа,зеленый
27,Mitsubishi Pajero,7500000,2008,Актобе,внедорожник,3,219000,автомат,слева,серебристый металлик
28,Mitsubishi RVR,1600000,1995,Алматы,минивэн,2,444444,автомат,справа,полный привод
29,Audi 100,2500000,1994,Караганда,универсал,2.8,300000,автомат,слева,передний привод
30,Opel Zafira,2300000,2001,Актобе,минивэн,2.2,160000,автомат,слева,серебристый
31,Nissan Juke,5950000,2013,Актау,кроссовер,1.6,39000,вариатор,слева,белый
32,Toyota Camry,13900000,2019,Атырау,седан,2.5,18000,автомат,слева,белый
33,Opel Vectra,950000,1991,Шымкент,седан,2,145000,механика,слева,синий
34,Toyota Highlander,8800000,2008,Алматы,кроссовер,3.5,210000,автомат,слева,серый металлик
35,Daewoo Matiz,900000,2000,Шымкент,хэтчбек,8,0,механика,слева,серебристый
36,Volkswagen Passat,2300000,2001,Актобе,универсал,1.8,234500,механика,слева,черный
37,Hyundai Sonata,3700000,2011,Жанаозен,седан,2.4,197102,автомат,слева,бордовый
38,Subaru Forester,3300000,2001,Алматы,кроссовер,2.5,220323,автомат,слева,серебристый металлик
39,Land Rover Range Rover,3000000,2004,Талдыкорган,внедорожник,4.4,0,автомат,слева,белый
40,Kia Bongo,6800000,2015,Алматы,фургон,2.9,0,механика,слева,синий металлик
41,Chrysler 300C,5500000,2008,Алматы,седан,2.7,205000,автомат,слева,белый
42,Toyota Land Cruiser Prado,9500000,2004,Алматы,внедорожник,4,250000,автомат,слева,белый
43,Hyundai Elantra,5950000,2014,Нур-Султан (Астана),седан,1.6,92000,автомат,слева,серебристый
44,Land Rover Range Rover,5800000,2005,Алматы,внедорожник,4.4,165000,автомат,слева,белый
45,Mercedes-Benz E 320,3300000,1995,Алматы,седан,3.2,0,автомат,слева,серебристый
46,Toyota Avalon,23500000,2019,Алматы,седан,3.5,20000,автомат,слева,серый
47,Toyota Land Cruiser,7100000,2006,Актобе,внедорожник,4.7,182000,автомат,слева,полный привод
48,Toyota Mark II,2550000,1997,Алматы,седан,2,0,автомат,справа,задний привод
49,Renault Duster,3600000,2014,Атырау,кроссовер,2,164000,автомат,слева,передний привод
50,Volkswagen Golf,1500000,1994,Кызылорда,универсал,1.8,0,механика,слева,синий
51,Toyota Tundra,23000000,2017,Тараз,пикап,4.6,0,автомат,слева,серебристый
52,ЗАЗ Vida,2200000,2013,Алматы,седан,1.4,150000,автомат,слева,белый
53,Chevrolet Spark,3500000,2016,Алматы,хэтчбек,1,135000,вариатор,слева,серый металлик
54,ВАЗ (Lada) 2121 Нива,1900000,2013,Нур-Султан (Астана),внедорожник,1.7,110000,механика,слева,белый
55,BMW X5,44300000,2019,Алматы,кроссовер,3,40,автомат,слева,полный привод
56,Toyota Caldina,1650000,1995,Алматы,универсал,2,0,автомат,справа,голубой
57,Toyota Caldina,2250000,1996,Усть-Каменогорск,универсал,1.8,0,автомат,справа,серебристый
58,Mercedes-Benz E 280,2870000,1998,Алматы,седан,2.8,0,автомат,слева,синий
59,Lexus RX 300,5000000,1999,Алматы,кроссовер,3,354054,автомат,слева,белый
60,ВАЗ (Lada) 2190 (седан),1600000,2013,Темиртау,седан,1.6,120,механика,слева,белый
61,Mercedes-Benz E 200,3200000,2001,Павлодар,седан,2,520000,автомат,слева,серебристый
62,Hyundai Tucson,11350000,2018,Караганда,кроссовер,2,53000,автомат,слева,серебристый металлик
63,ГАЗ ГАЗель,2500000,2006,Алматы,пикап,2.9,0,механика,слева,задний привод
64,Toyota Camry,7900000,2013,Алматы,седан,2.5,194000,автомат,слева,серый
65,ГАЗ ГАЗель,2000000,2007,Нур-Султан (Астана),пикап,2.5,222222,автомат,слева,синий
66,Toyota Land Cruiser Prado,11500000,2007,Алматы,внедорожник,4,180000,автомат,слева,черный
67,Toyota RAV 4,12300000,2018,Алматы,кроссовер,2,42000,автомат,слева,серый
68,ВАЗ (Lada) 2115 (седан),1400000,2011,Костанай,седан,1.6,0,механика,слева,зеленый металлик
69,Toyota Land Cruiser,14200000,2007,Алматы,внедорожник,4,72000,автомат,слева,золотистый
70,Hyundai Accent,4950000,2015,Нур-Султан (Астана),хэтчбек,1.6,84079,автомат,слева,передний привод
71,Toyota Land Cruiser Prado,14200000,2010,Алматы,внедорожник,4,177000,автомат,слева,белый
72,Toyota Land Cruiser,22000000,2013,Алматы,внедорожник,4.6,117000,автомат,слева,белый
73,Honda CR-V,3494411,1997,Алматы,кроссовер,2,250,автомат,слева,полный привод
74,Subaru Outback,4600000,2004,Алматы,универсал,2.5,0,механика,слева,серебристый
75,Hyundai Accent,4500000,2014,Алматы,хэтчбек,1.6,158000,автомат,слева,серый
76,Toyota Land Cruiser,22500000,2014,Алматы,внедорожник,4.6,60000,автомат,слева,белый
77,ВАЗ (Lada) 2190 (седан),2000000,2014,Костанай,седан,1.6,162000,механика,слева,черный
78,ГАЗ ГАЗель,3199000,2008,Костанай,пикап,2.9,395700,механика,слева,золотистый
79,ВАЗ (Lada) 2114 (хэтчбек),380000,2003,Караганда,хэтчбек,1.6,280000,механика,слева,серебристый
80,Toyota Land Cruiser Prado,6800000,1992,Талдыкорган,внедорожник,4,100000,автомат,справа,серый металлик
81,Volkswagen Passat,1550000,1993,Талдыкорган,универсал,1.8,250000,механика,слева,синий металлик
82,Toyota Land Cruiser Prado,12700000,2007,Алматы,внедорожник,4,0,автомат,слева,полный привод
83,Honda CR-V,2950714,1996,Усть-Каменогорск,кроссовер,2,0,автомат,справа,серебристый металлик
84,Toyota Corolla,6600000,2015,Алматы,седан,1.6,120000,вариатор,слева,белый металлик
85,ВАЗ (Lada) 2190 (седан),2190000,2012,Нур-Султан (Астана),седан,1.6,146000,механика,слева,белый
86,Volkswagen Transporter,1800000,1997,Караганда,микроавтобус,1.6,0,механика,слева,синий
87,Hyundai Accent,4200000,2013,Алматы,седан,1.6,190000,автомат,слева,передний привод
88,Daewoo Lacetti,2600000,2004,Шымкент,хэтчбек,1.6,0,автомат,слева,синий
89,Kia Rio,4950000,2014,Шымкент,седан,1.6,104000,автомат,слева,белый
90,Toyota Camry,5200000,2007,Караганда,седан,3.5,103645,автомат,слева,синий металлик
91,Renault Duster,4300000,2013,Усть-Каменогорск,кроссовер,2,147000,автомат,слева,серебристый
92,Toyota Altezza,3000000,2003,Нур-Султан (Астана),универсал,3,113000,автомат,справа,серебристый
93,Toyota Camry,8700000,2013,Нур-Султан (Астана),седан,2.5,141000,автомат,слева,золотистый
94,Mitsubishi Pajero,2350000,1996,Алматы,внедорожник,2.8,0,автомат,справа,белый
95,Audi A6,3800000,2004,Нур-Султан (Астана),седан,3.2,294500,автомат,слева,синий
96,Toyota Corolla,7000000,2013,Алматы,седан,1.6,133000,вариатор,слева,белый
97,Lexus ES 300,5950000,2002,Алматы,седан,3,154000,автомат,слева,серебристый
98,Toyota Highlander,7300000,2002,Алматы,кроссовер,3,145000,автомат,слева,золотистый
99,ВАЗ (Lada) 2113 (хэтчбек),1800000,2012,Усть-Каменогорск,хэтчбек,1.6,0,механика,слева,черный металлик
100,Toyota Camry,4200000,2002,Нур-Султан (Астана),седан,3,111111,автомат,слева,синий
101,Toyota Avalon,7200000,2011,Атырау,седан,3.5,160000,автомат,слева,белый
102,Volkswagen Transporter,3500000,2011,Тараз,минивэн,2,180000,механика,слева,белый
103,Toyota HiAce,2700000,2005,Алматы,микроавтобус,2.5,0,механика,слева,задний привод
104,Nissan Frontier,2300000,2005,Алматы,пикап,2.4,0,механика,слева,белый
105,Toyota HiAce,2000000,2006,Алматы,микроавтобус,2.5,0,механика,слева,задний привод
106,Daewoo Nexia,1350000,2013,Алматы,седан,1.5,92000,механика,слева,белый
107,ВАЗ (Lada) 2110 (седан),700000,2006,Актобе,седан,1.6,0,механика,слева,серебристый
108,Mazda 323,1750000,2001,Алматы,хэтчбек,1.6,0,механика,слева,синий
109,Mercedes-Benz C 240,2300000,2003,Жанаозен,универсал,2.6,212227,автомат,слева,серебристый
110,Citroen C4,1600000,2010,Атырау,хэтчбек,1.6,151000,автомат,слева,серый
111,Lexus LX 570,25500000,2013,Алматы,внедорожник,5.7,179000,автомат,слева,белый
112,Daewoo Nexia,1350000,2009,Актобе,седан,1.6,126000,механика,слева,синий металлик
113,Audi 80,2150000,1992,Тараз,седан,2,0,механика,слева,зеленый металлик
114,ВАЗ (Lada) 2110 (седан),700000,2005,Актобе,седан,1.5,203510,механика,слева,серебристый
115,Audi 80,950000,1991,Тараз,седан,1.8,0,механика,слева,серый
116,Toyota Camry,12500000,2017,Шымкент,седан,2.5,56400,автомат,слева,белый металлик
117,Toyota Land Cruiser,27700000,2016,Алматы,внедорожник,4.6,85000,автомат,слева,белый
118,Opel Omega,550000,1987,Алматы,седан,2,0,механика,слева,синий
119,Hyundai Getz,2450000,2007,Алматы,хэтчбек,1.4,170000,механика,слева,голубой
120,Chevrolet Orlando,3300000,2014,Атырау,минивэн,1.8,169000,автомат,слева,черный
121,Toyota Windom,1950000,1995,Алматы,седан,2.5,0,автомат,справа,передний привод
122,ГАЗ ГАЗель,4950000,2012,Алматы,фургон,2.9,0,механика,слева,серебристый
123,Toyota Altezza,2100000,2001,Жезказган,седан,2,175000,автомат,справа,серебристый
124,Toyota Camry,13300000,2018,Алматы,седан,2.5,38000,автомат,слева,белый
125,Chevrolet Malibu,5000000,2013,Талдыкорган,седан,2.4,150000,автомат,слева,серебристый
126,Hyundai Solaris,4900000,2019,Нур-Султан (Астана),седан,1.6,104000,автомат,слева,белый
127,Hyundai Elantra,6900000,2015,Шымкент,седан,1.8,134000,автомат,слева,серый
128,Mercedes-Benz E 230,900000,1991,Кокшетау,седан,2.3,138999,автомат,слева,серебристый
129,Mitsubishi Galant,1400000,1994,Алматы,хэтчбек,2,0,автомат,слева,бордовый
130,Mazda 626,850000,1990,Алматы,универсал,2,0,механика,слева,Да
131,Chevrolet Aveo,1700000,2006,Усть-Каменогорск,хэтчбек,1.2,180000,механика,слева,оранжевый
132,Chevrolet Lacetti,1800000,2007,Усть-Каменогорск,седан,1.6,188000,механика,слева,черный металлик
133,Volkswagen Golf,800000,1993,Уральск,универсал,1.8,0,механика,слева,вишня
134,Audi A4,1850000,1997,Алматы,седан,1.8,0,автомат,слева,передний привод
135,Toyota Carina E,1100000,1993,Отеген-Батыр,седан,2,455699,механика,слева,черный металлик
136,Mitsubishi Delica,2500000,1995,Алматы,минивэн,2.8,300000,автомат,справа,зеленый
137,Kia Rio,4500000,2014,Актобе,седан,1.6,140000,автомат,слева,белый
138,Hyundai Elantra,2900000,2004,Талдыкорган,седан,2,0,автомат,слева,серебристый
139,Kia Sorento,12500000,2019,Шымкент,кроссовер,2.2,34000,автомат,слева,серый металлик
140,Mercedes-Benz E 230,1600000,1990,Алматы,седан,2.3,0,механика,слева,черный
141,Lexus RX 300,5000000,2002,Нур-Султан (Астана),кроссовер,3,0,автомат,слева,серебристый
142,Toyota Land Cruiser,29600000,2018,Нур-Султан (Астана),внедорожник,4.6,13000,автомат,слева,черный
143,Toyota Hilux Surf,4650000,1997,Алматы,внедорожник,3,252525,автомат,слева,синий
144,Toyota Camry,4600000,2005,Актобе,седан,2.4,198000,автомат,слева,серебристый
145,ГАЗ ГАЗель,4500000,2012,Атырау,фургон,2.9,0,механика,слева,белый
146,Audi 100,2000000,1991,Тараз,седан,2,500000,механика,слева,голубой металлик
147,Toyota Camry,5800000,2007,Кызылорда,седан,2.4,0,автомат,слева,белый
148,Lexus GS 250,12900000,2012,Алматы,седан,2.5,118000,автомат,слева,белый
149,Toyota Land Cruiser Prado,12000000,2007,Нур-Султан (Астана),внедорожник,4,209000,автомат,слева,черный
150,Mercedes-Benz E 200,18900000,2018,Алматы,седан,2,80000,автомат,слева,белый
151,ВАЗ (Lada) 2114 (хэтчбек),1000000,2008,Актобе,хэтчбек,1.6,0,механика,слева,передний привод
152,BMW 530,3150000,2001,Нур-Султан (Астана),седан,3,0,автомат,слева,голубой
153,Lexus GS 350,12700000,2015,Алматы,седан,3.5,100000,автомат,слева,черный
154,Toyota Carina E,2650000,1993,Алматы,универсал,2,257000,автомат,слева,бордовый металлик
155,Nissan X-Trail,4400000,2006,Нур-Султан (Астана),кроссовер,2.5,0,автомат,слева,синий
156,Toyota Camry,10700000,2015,Алматы,седан,2.5,88000,автомат,слева,белый
157,Toyota Corolla,5400000,2014,Шымкент,седан,1.4,103,механика,слева,белый
158,Mercedes-Benz S 320,4000000,1998,Алматы,седан,3.2,0,автомат,слева,серебристый
159,Hyundai Accent,4150000,2013,Алматы,седан,1.6,141000,автомат,слева,золотистый
160,Toyota Camry,4250000,2007,Нур-Султан (Астана),седан,2.4,168000,автомат,слева,черный
161,Daewoo Nexia,1150000,2007,Кызылорда,седан,1.6,100700,механика,слева,синий
162,Mercedes-Benz S 500,5000000,2004,Нур-Султан (Астана),седан,5,0,автомат,слева,задний привод
163,Mitsubishi Pajero,8200000,2009,Алматы,внедорожник,3,162000,автомат,слева,серебристый
164,Toyota Camry,15800000,2020,Шымкент,седан,2.5,1955,автомат,слева,белый металлик
165,ВАЗ (Lada) 2114 (хэтчбек),960000,2011,Караганда,хэтчбек,1.5,0,механика,слева,черный
166,Volkswagen Passat,1550000,1995,Актобе,седан,2,0,механика,слева,серебристый металлик
167,Kia Cerato,5400000,2014,Алматы,седан,1.6,129600,автомат,слева,синий
168,Mercedes-Benz E 200,4000000,2001,Шымкент,седан,2,0,автомат,слева,серебристый металлик
169,Audi 100,1850000,1992,Павлодар,седан,2.3,475000,механика,справа,синий
170,Nissan Patrol,7300000,2005,Алматы,внедорожник,3,0,автомат,слева,серый
171,ВАЗ (Lada) 2111 (универсал),800000,2005,Актобе,универсал,1.6,25870,механика,слева,синий
172,Mercedes-Benz C 200,2200000,1997,Алматы,седан,2,430000,автомат,слева,серебристый
173,Audi 100,1650000,1991,Шымкент,седан,2.3,235632,механика,слева,черный
174,ВАЗ (Lada) 2170 (седан),2000000,2014,Актобе,седан,1.6,160000,механика,слева,белый
175,Daewoo Nexia,1350000,2007,Нур-Султан (Астана),седан,1.5,61000,механика,слева,голубой
176,Toyota Carina E,1900000,1992,Алматы,лифтбек,2,0,механика,слева,голубой
177,ВАЗ (Lada) 2170 (седан),1850000,2013,Караганда,седан,1.6,188139,механика,слева,бордовый
178,Lexus LX 570,31000000,2014,Алматы,внедорожник,5.7,97000,автомат,слева,серый
179,Nissan Tiida,3700000,2007,Караганда,хэтчбек,1.6,0,автомат,слева,белый
180,Nissan Tiida,3700000,2007,Караганда,хэтчбек,1.6,0,автомат,слева,белый
181,ГАЗ ГАЗель,2900000,2004,Ленгер,пикап,2.5,0,механика,слева,Да
182,Toyota Camry,4000000,2008,Аксай,седан,3.5,0,автомат,слева,черный
183,Hyundai Elantra,5600000,2014,Актау,седан,1.6,130000,автомат,слева,белый
184,Hyundai Solaris,3700000,2018,Кызылорда,седан,1.6,0,автомат,слева,белый
185,Toyota Camry,4000000,2008,Уральск,седан,3.5,0,автомат,слева,черный металлик
186,Mercedes-Benz C 200,4000000,2002,Алматы,хэтчбек,2,0,механика,слева,синий
187,ГАЗ ГАЗель,4500000,2002,Алматы,фургон,4,150000,автомат,слева,белый
188,ВАЗ (Lada) 2170 (седан),1740000,2013,Нур-Султан (Астана),седан,1.6,150000,механика,слева,белый
189,Audi 80,1150000,1992,Нур-Султан (Астана),седан,2,300000,механика,слева,зеленый
190,Toyota Camry,7500000,2012,Алматы,седан,2.5,111000,автомат,слева,синий металлик
191,ВАЗ (Lada) 2172 (хэтчбек),2400000,2015,Усть-Каменогорск,хэтчбек,1.6,120000,механика,слева,черный
192,ВАЗ (Lada) 2107,350000,2006,Атырау,седан,1.5,0,механика,слева,белый
193,Daewoo Nexia,950000,2007,Кызылорда,седан,1.5,144000,механика,слева,золотистый
194,Mazda 626,1350000,1991,Алматы,лифтбек,2.2,355626,механика,слева,синий
195,BMW 525,5000000,2003,Алматы,универсал,2.5,0,автомат,слева,синий
196,Mazda 626,1450000,1989,Алматы,лифтбек,2,310915,механика,слева,красный
197,Audi 100,1700000,1993,Алматы,седан,2.8,0,механика,слева,серебристый
198,Volkswagen Touareg,5200000,2006,Уральск,кроссовер,3,257744,автомат,слева,синий
199,Volkswagen Polo,5200000,2017,Усть-Каменогорск,седан,1.6,110,автомат,слева,белый
200,Volkswagen Touareg,5200000,2006,Уральск,кроссовер,3,257744,автомат,слева,синий
201,Volkswagen Polo,5200000,2017,Усть-Каменогорск,седан,1.6,110,автомат,слева,белый
202,Lexus RX 300,7200000,2006,Алматы,кроссовер,3,0,автомат,слева,синий металлик
203,Toyota Camry,5400000,2007,Алматы,седан,2.4,208000,автомат,слева,зеленый металлик
204,Toyota Alphard,5100000,2007,Караганда,минивэн,3,122000,автомат,справа,белый
205,ВАЗ (Lada) 2114 (хэтчбек),650000,2005,Петропавловск,хэтчбек,1.5,219600,механика,слева,серебристый
206,ВАЗ (Lada) 2113 (хэтчбек),550000,2008,Атырау,хэтчбек,1.5,320,механика,слева,серебристый
207,ВАЗ (Lada) 2112 (хэтчбек),650000,2004,Актобе,хэтчбек,1.5,218000,механика,слева,серебристый
208,Subaru Forester,2900000,1998,Алматы,кроссовер,2,95000,механика,слева,белый металлик
209,Toyota Camry,4850000,2002,Алматы,седан,2.4,0,автомат,слева,серебристый
210,Mercedes-Benz S 350,7000000,2007,Туркестан,седан,3.5,230000,автомат,слева,черный
211,Hyundai Sonata,3200000,2010,Костанай,седан,2.4,140000,автомат,слева,передний привод
212,Ford Focus,1200000,2007,Алматы,седан,1.6,253000,автомат,слева,черный
213,Kia Optima,7300000,2018,Актобе,седан,2.4,0,автомат,слева,Нет
214,Skoda Fabia,2500000,2007,Нур-Султан (Астана),хэтчбек,1.2,159000,механика,слева,серебристый
215,Toyota Camry,8650000,2012,Алматы,седан,2.5,169500,автомат,слева,серебристый
216,Toyota Avensis,5100000,2009,Алматы,седан,1.8,0,механика,слева,серебристый
217,Hyundai Accent,2100000,2008,Актобе,седан,1.6,180000,автомат,слева,черный металлик
218,Mercedes-Benz E 55 AMG,8500000,2003,Алматы,седан,5.5,158000,автомат,слева,белый
219,ГАЗ ГАЗель,1500000,2006,Шымкент,пикап,2.9,0,механика,слева,белый
220,Land Rover Range Rover Evoque,11490000,2013,Алматы,кроссовер,2,47000,автомат,слева,полный привод
221,Subaru Outback,3200000,2002,Алматы,универсал,2.5,447000,автомат,слева,белый
222,BMW X6,7500000,2008,Алматы,кроссовер,3,139000,автомат,слева,белый
223,ВАЗ (Lada) 2170 (седан),1800000,2010,Костанай,седан,1.6,256000,механика,слева,передний привод
224,Daewoo Gentra,3100000,2014,Алматы,седан,1.5,88888,механика,слева,черный металлик
225,Daewoo Nexia,550000,2008,Нур-Султан (Астана),седан,1.5,150000,механика,слева,передний привод
226,ВАЗ (Lada) 1117 (универсал),1850000,2013,Актобе,универсал,1.6,123000,механика,слева,вишня
227,Toyota Corolla,4500000,2007,Актау,седан,1.6,151000,автомат,слева,передний привод
228,Toyota Land Cruiser Prado,36200000,2021,Алматы,внедорожник,4,0,автомат,слева,белый
229,ВАЗ (Lada) 2114 (хэтчбек),650000,2008,Атырау,хэтчбек,1.5,190000,механика,слева,серый металлик
230,Mercedes-Benz 190,1000000,1992,Алматы,седан,2,0,механика,слева,белый
231,Lexus RX 350,8450000,2007,Жезказган,кроссовер,3.5,160000,автомат,слева,черный
232,Toyota Crown Majesta,4500000,2010,Павлодар,седан,4.6,120000,автомат,справа,черный
233,Subaru Forester,5200000,2007,Усть-Каменогорск,кроссовер,2,191000,автомат,слева,серый
234,BMW X5,12800000,2013,Алматы,кроссовер,3,102000,автомат,слева,белый
235,Skoda Yeti,5800000,2014,Усть-Каменогорск,кроссовер,1.8,113000,робот,слева,черный
236,Hyundai Accent,7600000,2021,Алматы,седан,1.6,5,автомат,слева,коричневый
237,ЗАЗ Vida,2900000,2014,Шиели,седан,1.4,151588,автомат,слева,серебристый
238,ВАЗ (Lada) 2107,400000,2008,Уральск,седан,1.7,0,механика,слева,белый
239,Mercedes-Benz E 320,2500000,1996,Талдыкорган,седан,3.2,250,автомат,слева,белый
240,ВАЗ (Lada) 2115 (седан),1300000,2012,Шелек,седан,1.6,230,механика,слева,черный металлик
241,ВАЗ (Lada) 1119 (хэтчбек),950000,2009,Нур-Султан (Астана),хэтчбек,1.4,210000,механика,слева,белый
242,ВАЗ (Lada) 2115 (седан),1500000,2006,Костанай,седан,1.5,167000,механика,слева,серебристый металлик
243,Toyota Estima,3850000,2006,Алматы,минивэн,3.5,140000,автомат,справа,белый
244,BMW 650,10000000,2007,Алматы,кабриолет,4.8,137000,автомат,слева,фиолетовый
245,Mercedes-Benz C 200,1650000,1994,Нур-Султан (Астана),седан,2,1000,механика,слева,синий
246,Toyota Avalon,2650000,1996,Алматы,седан,3,185000,автомат,слева,золотистый металлик
247,Toyota Camry,5500000,2007,Алматы,седан,2.4,280,автомат,слева,серебристый металлик
248,Toyota Land Cruiser,15000000,2009,Нур-Султан (Астана),внедорожник,4.7,280000,автомат,слева,серый
249,Mercedes-Benz E 320,4600000,2003,Павлодар,седан,3.2,0,автомат,слева,зеленый
250,Hyundai Tuscani,3100000,2008,Алматы,купе,2,117000,механика,слева,белый
251,Volkswagen Passat,750000,1989,Нур-Султан (Астана),седан,1.8,0,механика,слева,красный
252,Lexus LX 570,28500000,2015,Алматы,внедорожник,5.7,90000,автомат,слева,белый
253,ВАЗ (Lada) 2114 (хэтчбек),900000,2008,Атырау,хэтчбек,1.5,0,механика,слева,зеленый
254,ВАЗ (Lada) 2190 (седан),2850000,2015,Актобе,седан,1.6,129000,автомат,слева,передний привод
255,ВАЗ (Lada) 2172 (хэтчбек),2000000,2012,Шымкент,хэтчбек,1.6,0,механика,слева,серебристый
256,Toyota Camry,12450000,2018,Актау,седан,2.5,50000,автомат,слева,синий
257,Lexus RX 350,33500000,2019,Алматы,кроссовер,3.5,9000,автомат,слева,черный
258,Hyundai Accent,2300000,2013,Алматы,седан,1.6,198900,механика,слева,черный
259,Mazda Cronos,1300000,1993,Кордай,седан,2,0,механика,слева,серебристый
260,ВАЗ (Lada) 2114 (хэтчбек),900000,2008,Атырау,хэтчбек,1.5,0,механика,слева,зеленый
261,ВАЗ (Lada) 2190 (седан),2850000,2015,Актобе,седан,1.6,129000,автомат,слева,передний привод
262,ВАЗ (Lada) 2172 (хэтчбек),2000000,2012,Шымкент,хэтчбек,1.6,0,механика,слева,серебристый
263,Toyota Camry,12450000,2018,Актау,седан,2.5,50000,автомат,слева,синий
264,Lexus RX 350,33500000,2019,Алматы,кроссовер,3.5,9000,автомат,слева,черный
265,Hyundai Accent,2300000,2013,Алматы,седан,1.6,198900,механика,слева,черный
266,Mazda Cronos,1300000,1993,Кордай,седан,2,0,механика,слева,серебристый
267,Lexus LX 570,16500000,2011,Алматы,внедорожник,5.7,180000,автомат,слева,белый
268,Audi A4,4800000,2009,Лисаковск,седан,2,90000,вариатор,слева,передний привод
269,Toyota Land Cruiser Prado,16880000,2016,Алматы,внедорожник,2.7,48250,автомат,слева,черный
270,Mazda 323,650000,1993,Алматы,хэтчбек,1.6,380000,механика,слева,зеленый
271,Hyundai Accent,4800000,2014,Усть-Каменогорск,седан,1.6,90000,механика,слева,Да
272,Mazda MPV,3300000,1999,Усть-Каменогорск,минивэн,2.5,330000,автомат,справа,передний привод
273,ГАЗ ГАЗель,6800000,2006,Шымкент,пикап,2.7,0,механика,слева,серебристый
274,Toyota Camry,5000000,2006,Актау,седан,2.4,0,автомат,слева,черный
275,ГАЗ ГАЗель,1800000,2007,Уральск,фургон,2.7,0,механика,слева,белый
276,Nissan Cefiro,1600000,1997,Алматы,седан,2,0,автомат,справа,синий
277,Mercedes-Benz S 320,1650000,1991,Алматы,седан,3.2,0,автомат,слева,белый
278,Daewoo Nexia,1000000,2004,Кызылорда,седан,1.5,120000,механика,слева,белый
279,ВАЗ (Lada) 2170 (седан),1600000,2013,Караганда,седан,1.6,210300,механика,слева,белый
280,BMW 650,10000000,2007,Алматы,кабриолет,4.8,137000,автомат,слева,фиолетовый
281,Mercedes-Benz C 200,1650000,1994,Нур-Султан (Астана),седан,2,1000,механика,слева,синий
282,Toyota Avalon,2650000,1996,Алматы,седан,3,185000,автомат,слева,золотистый металлик
283,Toyota Camry,5500000,2007,Алматы,седан,2.4,280,автомат,слева,серебристый металлик
284,Toyota Land Cruiser,15000000,2009,Нур-Султан (Астана),внедорожник,4.7,280000,автомат,слева,серый
285,Mercedes-Benz E 320,4600000,2003,Павлодар,седан,3.2,0,автомат,слева,зеленый
286,Hyundai Tuscani,3100000,2008,Алматы,купе,2,117000,механика,слева,белый
287,Volkswagen Passat,750000,1989,Нур-Султан (Астана),седан,1.8,0,механика,слева,красный
288,Lexus LX 570,28500000,2015,Алматы,внедорожник,5.7,90000,автомат,слева,белый
289,ВАЗ (Lada) 2114 (хэтчбек),900000,2008,Атырау,хэтчбек,1.5,0,механика,слева,зеленый
290,ВАЗ (Lada) 2190 (седан),2850000,2015,Актобе,седан,1.6,129000,автомат,слева,передний привод
291,ВАЗ (Lada) 2172 (хэтчбек),2000000,2012,Шымкент,хэтчбек,1.6,0,механика,слева,серебристый
292,Toyota Camry,12450000,2018,Актау,седан,2.5,50000,автомат,слева,синий
293,Lexus RX 350,33500000,2019,Алматы,кроссовер,3.5,9000,автомат,слева,черный
294,Hyundai Accent,2300000,2013,Алматы,седан,1.6,198900,механика,слева,черный
295,Mazda Cronos,1300000,1993,Кордай,седан,2,0,механика,слева,серебристый
296,Lexus LX 570,16500000,2011,Алматы,внедорожник,5.7,180000,автомат,слева,белый
297,Audi A4,4800000,2009,Лисаковск,седан,2,90000,вариатор,слева,передний привод
298,Toyota Land Cruiser Prado,16880000,2016,Алматы,внедорожник,2.7,48250,автомат,слева,черный
299,Mazda 323,650000,1993,Алматы,хэтчбек,1.6,380000,механика,слева,зеленый
300,BMW 650,10000000,2007,Алматы,кабриолет,4.8,137000,автомат,слева,фиолетовый
301,Mercedes-Benz C 200,1650000,1994,Нур-Султан (Астана),седан,2,1000,механика,слева,синий
302,Toyota Avalon,2650000,1996,Алматы,седан,3,185000,автомат,слева,золотистый металлик
303,Toyota Camry,5500000,2007,Алматы,седан,2.4,280,автомат,слева,серебристый металлик
304,Toyota Land Cruiser,15000000,2009,Нур-Султан (Астана),внедорожник,4.7,280000,автомат,слева,серый
305,Mercedes-Benz E 320,4600000,2003,Павлодар,седан,3.2,0,автомат,слева,зеленый
306,Hyundai Tuscani,3100000,2008,Алматы,купе,2,117000,механика,слева,белый
307,Volkswagen Passat,750000,1989,Нур-Султан (Астана),седан,1.8,0,механика,слева,красный
308,Lexus LX 570,28500000,2015,Алматы,внедорожник,5.7,90000,автомат,слева,белый
309,ВАЗ (Lada) 2114 (хэтчбек),900000,2008,Атырау,хэтчбек,1.5,0,механика,слева,зеленый
310,ВАЗ (Lada) 2190 (седан),2850000,2015,Актобе,седан,1.6,129000,автомат,слева,передний привод
311,ВАЗ (Lada) 2172 (хэтчбек),2000000,2012,Шымкент,хэтчбек,1.6,0,механика,слева,серебристый
312,Toyota Camry,12450000,2018,Актау,седан,2.5,50000,автомат,слева,синий
313,Lexus RX 350,33500000,2019,Алматы,кроссовер,3.5,9000,автомат,слева,черный
314,Hyundai Accent,2300000,2013,Алматы,седан,1.6,198900,механика,слева,черный
315,Mazda Cronos,1300000,1993,Кордай,седан,2,0,механика,слева,серебристый
316,Lexus LX 570,16500000,2011,Алматы,внедорожник,5.7,180000,автомат,слева,белый
317,Audi A4,4800000,2009,Лисаковск,седан,2,90000,вариатор,слева,передний привод
318,Toyota Land Cruiser Prado,16880000,2016,Алматы,внедорожник,2.7,48250,автомат,слева,черный
319,Mazda 323,650000,1993,Алматы,хэтчбек,1.6,380000,механика,слева,зеленый
320,Hyundai Accent,4800000,2014,Усть-Каменогорск,седан,1.6,90000,механика,слева,Да
321,Mazda MPV,3300000,1999,Усть-Каменогорск,минивэн,2.5,330000,автомат,справа,передний привод
322,ГАЗ ГАЗель,6800000,2006,Шымкент,пикап,2.7,0,механика,слева,серебристый
323,Toyota Camry,5000000,2006,Актау,седан,2.4,0,автомат,слева,черный
324,ГАЗ ГАЗель,1800000,2007,Уральск,фургон,2.7,0,механика,слева,белый
325,Nissan Cefiro,1600000,1997,Алматы,седан,2,0,автомат,справа,синий
326,Mercedes-Benz S 320,1650000,1991,Алматы,седан,3.2,0,автомат,слева,белый
327,Daewoo Nexia,1000000,2004,Кызылорда,седан,1.5,120000,механика,слева,белый
328,ВАЗ (Lada) 2170 (седан),1600000,2013,Караганда,седан,1.6,210300,механика,слева,белый
329,Mitsubishi Pajero,2600000,1997,Алматы,внедорожник,2.8,0,автомат,слева,белый
330,Lexus RX 300,4100000,1998,Алматы,кроссовер,3,202020,автомат,слева,коричневый
331,Skoda Yeti,4300000,2012,Алматы,кроссовер,1.8,165000,автомат,слева,черный металлик
332,Volkswagen Golf,1000000,1994,Алматы,хэтчбек,1.6,0,механика,слева,серебристый
333,Opel Vectra,3050000,1997,Шымкент,седан,2.5,167000,автомат,слева,синий металлик
334,Lexus LX 470,12500000,2006,Алматы,внедорожник,4.7,205000,автомат,слева,черный
335,Ford Transit,1800000,1992,Алматы,фургон,2,0,механика,слева,серый
336,Honda CR-V,3300000,1999,Алматы,кроссовер,2,350000,автомат,слева,красный
337,Mercedes-Benz G 500,12000000,2002,Алматы,внедорожник,5,0,автомат,слева,Да
338,Mitsubishi ASX,10300000,2018,Караганда,кроссовер,2,49085,вариатор,слева,белый
339,Toyota Corolla,3400000,2002,Актобе,хэтчбек,1.6,0,автомат,слева,передний привод
340,Chevrolet Cruze,3000000,2013,Атырау,седан,1.8,166000,автомат,слева,вишня
341,Renault Sandero Stepway,5800000,2018,Караганда,хэтчбек,1.6,47000,автомат,слева,белый
342,Toyota Camry,8200000,2013,Уральск,седан,2.5,0,автомат,слева,белый
343,Subaru Outback,6800000,2012,Алматы,универсал,2.5,0,автомат,слева,черный металлик
344,Opel Vectra,650000,1992,Сарыагаш,хэтчбек,2,211111,механика,слева,синий
345,Toyota Corolla,8200000,2018,Шымкент,седан,1.6,31000,вариатор,слева,белый металлик
346,Toyota Avensis,4900000,2009,Уральск,седан,1.8,161000,автомат,слева,серый
347,ВАЗ (Lada) 2170 (седан),1500000,2012,Актобе,седан,1.6,170000,механика,слева,передний привод
348,Toyota Land Cruiser Prado,23000000,2018,Павлодар,внедорожник,2.7,50000,автомат,слева,черный металлик
349,Toyota Alphard,3200000,2005,Карабалык (Карабалыкский р-н),минивэн,2.4,179000,автомат,слева,белый
350,Daewoo Magnus,1500000,2001,Караганда,седан,2,330000,автомат,слева,черный
351,Opel Vectra,2000000,2002,Алматы,седан,2.2,429262,механика,слева,серебристый
352,Mitsubishi RVR,1650000,1995,Алматы,минивэн,2,214150,автомат,справа,вишня
353,Mercedes-Benz E 350,4700000,2005,Сарыагаш,седан,3.5,0,типтроник,слева,серый
354,Infiniti QX80,29000000,2019,Алматы,внедорожник,5.6,22800,автомат,слева,синий
355,Mercedes-Benz S 500,2550000,2000,Алматы,седан,5,94000,автомат,слева,задний привод
356,ГАЗ ГАЗель,4400000,2008,Нур-Султан (Астана),пикап,2.9,0,механика,слева,белый
357,Toyota Camry,6300000,2010,Нур-Султан (Астана),седан,3.5,179000,автомат,слева,черный металлик
358,Kia Optima,8500000,2016,Алматы,седан,2,59000,автомат,слева,вишня
359,ГАЗ ГАЗель NEXT,7600000,2014,Шымкент,фургон,2.8,60000,механика,слева,белый
360,Toyota Land Cruiser Prado,29555555,2019,Алматы,внедорожник,4,38200,автомат,слева,черный
361,Volkswagen Golf Plus,3300000,2008,Алматы,минивэн,1.4,215000,робот,слева,серебристый
362,Honda Accord,2500000,2000,Алматы,седан,2.3,335215,автомат,справа,серый металлик
363,ВАЗ (Lada) 2114 (хэтчбек),890000,2007,Костанай,хэтчбек,1.6,0,механика,слева,серый
364,Nissan Teana,2500000,2006,Атырау,седан,2.3,94000,автомат,слева,синий
365,Renault Sandero Stepway,5700000,2018,Уральск,хэтчбек,1.6,49848,механика,слева,серебристый
366,Mitsubishi L200,4700000,2007,Алматы,внедорожник,3,180000,автомат,слева,черный
367,Hyundai Solaris,3100000,2016,Актобе,седан,1.6,98000,механика,слева,серебристый
368,ВАЗ (Lada) 1117 (универсал),1250000,2011,Аральск,универсал,1.6,241000,механика,слева,коричневый
369,Renault Logan,6000000,2019,Караганда,седан,1.6,24000,механика,слева,черный
370,Toyota Camry,3000000,1997,Караганда,седан,3,290000,автомат,слева,серый
371,Cadillac STS,2300000,2007,Караганда,седан,3.6,0,автомат,слева,черный металлик
372,Toyota Land Cruiser Prado,16500000,2013,Алматы,внедорожник,4,135000,автомат,слева,черный
373,ВАЗ (Lada) 2104,1550000,2012,Шымкент,универсал,1.6,70000,механика,слева,синий
374,Mercedes-Benz C 180,2700000,1998,Нур-Султан (Астана),седан,1.8,358222,автомат,слева,серебристый
375,Hyundai Getz,2350000,2008,Байконыр,хэтчбек,1.4,160000,автомат,слева,передний привод
376,BMW 523,1500000,1997,Жезказган,седан,2.5,0,автомат,слева,серый
377,Opel Vectra,1890000,1997,Караганда,хэтчбек,1.8,0,механика,слева,синий металлик
378,Mercedes-Benz Vito,2500000,1999,Нур-Султан (Астана),минивэн,2.2,0,механика,слева,белый
379,Mercedes-Benz C 180,2200000,1995,Нур-Султан (Астана),седан,1.8,0,автомат,слева,коричневый
380,ВАЗ (Lada) 2190 (седан),2200000,2012,Кокшетау,седан,1.6,85000,механика,слева,синий
381,Toyota Camry,9600000,2013,Шымкент,седан,2.5,140000,автомат,слева,белый
382,Subaru Forester,4100000,2005,Алматы,кроссовер,2.5,196339,автомат,слева,зеленый металлик
383,Mercedes-Benz Vario,4300000,2000,Шымкент,фургон,2.9,0,механика,слева,белый
384,Volkswagen Touareg,2800000,2004,Актобе,кроссовер,4.2,295000,автомат,слева,серый металлик
385,Nissan Xterra,5000000,2009,Атырау,внедорожник,4,0,автомат,слева,черный
386,ВАЗ (Lada) 2172 (хэтчбек),2500000,2014,Нур-Султан (Астана),хэтчбек,1.6,0,механика,слева,белый
387,Geely Emgrand 7,2000000,2013,Алматы,хэтчбек,1.8,195000,вариатор,слева,черный металлик
388,Toyota Avalon,1450000,1995,Алматы,седан,3,149000,автомат,справа,зеленый
389,Toyota Highlander,13900000,2014,Актобе,кроссовер,2.7,125000,автомат,слева,коричневый
390,Audi A8,7000000,2007,Алматы,седан,6,0,автомат,слева,зеленый
391,Toyota Camry,4500000,2011,Костанай,седан,3.5,210000,автомат,слева,черный
392,Geely Emgrand X7,3890000,2015,Жезказган,кроссовер,2.4,180000,автомат,слева,белый
393,Mercedes-Benz S 320,2500000,1992,Кызылорда,седан,3.2,0,механика,слева,задний привод
394,ВАЗ (Lada) 1117 (универсал),1200000,2010,Атырау,универсал,1.6,263000,механика,слева,белый
395,BMW 525,2600000,1994,Алматы,седан,2.5,0,механика,слева,серый
396,Mercedes-Benz A 160,2400000,2002,Алматы,хэтчбек,1.6,0,автомат,слева,серебристый
397,Lexus ES 350,6500000,2007,Актау,седан,3.5,207000,автомат,слева,серебристый
398,ВАЗ (Lada) 2121 Нива,1800000,2011,Атырау,внедорожник,1.7,150000,механика,слева,белый
399,Hyundai Elantra,5300000,2012,Алматы,купе,1.6,0,автомат,слева,белый
400,ВАЗ (Lada) 2172 (хэтчбек),2000000,2013,Экибастуз,хэтчбек,1.6,199000,механика,слева,черный
401,Toyota Camry,5800000,2007,Шымкент,седан,2.4,260000,автомат,слева,черный
402,ВАЗ (Lada),2400000,2014,Шымкент,седан,1.6,104321,механика,слева,коричневый
403,Volkswagen Passat,6500000,2012,Усть-Каменогорск,седан,1.8,80000,робот,слева,серебристый металлик
404,Toyota Alphard,3500000,2006,Карабалык (Карабалыкский р-н),минивэн,2.4,208000,автомат,слева,серебристый
405,Toyota Sprinter Marino,2000000,1994,Аягоз,седан,1.6,250000,автомат,справа,черный
406,Hyundai Grandeur,13900000,2019,Шымкент,седан,3,19000,автомат,слева,белый
407,ВАЗ (Lada) 2114 (хэтчбек),950000,2008,Актобе,хэтчбек,1.5,165000,механика,слева,серебристый
408,Volkswagen Caravelle,9200000,2011,Алматы,минивэн,2,163000,робот,слева,черный
409,Volkswagen Golf,700000,1995,Рудный,хэтчбек,1.6,77777,механика,слева,белый
410,ВАЗ (Lada) 2190 (седан),1900000,2013,Атырау,седан,1.6,200000,механика,слева,белый
411,BMW X5 M,12000000,2009,Алматы,кроссовер,4.4,120000,автомат,слева,синий
412,Toyota Land Cruiser,31600000,2017,Нур-Султан (Астана),внедорожник,4.6,53000,автомат,слева,черный
413,Subaru Legacy,870000,1991,Алматы,седан,1.8,0,механика,слева,полный привод
414,ВАЗ (Lada) 2170 (седан),1900000,2013,Алматы,седан,1.6,160000,механика,слева,черный
415,Mitsubishi Galant,1050000,1992,Талгар,седан,2,300000,механика,слева,серебристый металлик
416,Mini Countryman,13800000,2017,Нур-Султан (Астана),кроссовер,2,73500,автомат,слева,зеленый
417,Lexus,10800000,2010,Шымкент,кроссовер,3.5,130000,автомат,слева,черный
418,ВАЗ (Lada) 2172 (хэтчбек),3200000,2014,Костанай,хэтчбек,1.6,94000,механика,слева,черный
419,Toyota Land Cruiser Prado,9500000,2005,Тараз,внедорожник,4,350000,автомат,слева,серебристый
420,Mitsubishi Montero Sport,4000000,2000,Алматы,внедорожник,3,0,автомат,слева,белый
421,Chevrolet Captiva,4800000,2008,Тараз,кроссовер,2.4,141000,автомат,слева,белый
422,Lexus LX 570,17500000,2011,Караганда,внедорожник,5.7,160000,автомат,слева,белый металлик
423,Nissan Teana,7000000,2011,Атырау,седан,3.5,130000,вариатор,слева,бежевый
424,Land Rover Range Rover,11200000,2008,Нур-Султан (Астана),внедорожник,4.2,185000,автомат,слева,черный металлик
425,ВАЗ (Lada) 2190 (седан),2850000,2014,Кокшетау,седан,1.6,122000,автомат,слева,серебристый
426,Toyota Mark II,2769000,2002,Нур-Султан (Астана),седан,2,180000,автомат,справа,серебристый металлик
427,Toyota Camry,4500000,2004,Тараз,седан,2.4,0,автомат,слева,передний привод
428,Mini Countryman,8500000,2013,Алматы,кроссовер,1.6,0,автомат,слева,зеленый
429,Toyota Land Cruiser,10800000,2006,Алматы,внедорожник,4.7,211000,автомат,слева,серебристый
430,Porsche Cayenne,17000000,2014,Нур-Султан (Астана),кроссовер,4.8,76000,автомат,слева,белый
431,Chevrolet Aveo,2400000,2012,Костанай,седан,1.4,125000,механика,слева,передний привод
432,Toyota Corolla,4600000,2010,Нур-Султан (Астана),седан,1.8,167371,автомат,слева,серебристый металлик
433,Audi A6,4100000,2006,Нур-Султан (Астана),седан,2.4,200000,механика,слева,черный металлик
434,Daewoo Magnus,1950000,2002,Актау,седан,2,0,автомат,слева,бежевый
435,ГАЗ ГАЗель,5900000,2014,Иргели,пикап,2.9,120000,механика,слева,белый металлик
436,Ford Scorpio,850000,1993,Павлодар,седан,2,260000,механика,слева,бордовый металлик
437,Suzuki SX4,4900000,2013,Тараз,хэтчбек,1.6,96000,автомат,слева,белый
438,Mercedes-Benz ML 420,3500000,1998,Жезказган,кроссовер,4.2,200000,автомат,слева,черный
439,SsangYong Musso,2400000,2008,Шымкент,внедорожник,3.2,0,автомат,слева,Нет
440,Toyota Avensis,6900000,2013,Алматы,седан,2,150000,вариатор,слева,белый металлик
441,Mercedes-Benz G 500,11000000,2003,Уральск,внедорожник,5,0,автомат,слева,черный
442,Lexus RX 450h,7000000,2010,Актобе,кроссовер,3.5,188253,вариатор,слева,черный
443,Ретро-автомобили Европейские,45000000,1954,Алматы,3.5 (бензин),,0,слева,серый,задний привод
444,ВАЗ (Lada) 2107,850000,2007,Актобе,седан,1.6,106900,механика,слева,белый
445,Rover Mini,9000000,1998,Алматы,хэтчбек,1.3,0,механика,слева,синий
446,Chevrolet Cruze,4100000,2015,Нур-Султан (Астана),универсал,1.8,100000,механика,слева,белый
447,Lexus NX 200t,15800000,2016,Алматы,кроссовер,2,33000,автомат,слева,белый
448,ВАЗ (Lada) 2170 (седан),2800000,2014,Нур-Султан (Астана),седан,1.6,150000,механика,слева,белый
449,Toyota Camry,5500000,2007,Алматы,седан,2.4,0,автомат,слева,бордовый
450,Mercedes-Benz E 320,6500000,1994,Кордай,седан,3.2,65000,автомат,слева,серебристый
451,Renault Samsung QM6,9200000,2018,Шымкент,кроссовер,2,0,автомат,слева,белый металлик
452,Toyota Highlander,7700000,2006,Алматы,кроссовер,3.3,0,автомат,слева,серый
453,Toyota Solara,5500000,2006,Актау,кабриолет,3.3,215606,автомат,слева,черный металлик
454,Lexus LX 470,8500000,2003,Алматы,внедорожник,4.7,0,автомат,слева,черный
455,Mercedes-Benz E 300,10000000,2011,Алматы,седан,3.5,110000,автомат,слева,черный
456,Nissan Patrol,4000000,1992,Алматы,внедорожник,2.8,332000,механика,слева,оранжевый
457,Volkswagen Tiguan,6000000,2008,Тараз,кроссовер,2,167000,автомат,слева,серый металлик
458,Nissan Primera,3300000,2007,Алматы,седан,1.6,0,механика,слева,серебристый
459,Volkswagen Transporter,1650000,1992,Алматы,минивэн,2.4,0,механика,слева,белый
460,Hyundai Starex,11600000,2016,Алматы,минивэн,2.5,94750,автомат,слева,белый металлик
461,Toyota Land Cruiser,16500000,2010,Алматы,внедорожник,4.7,199000,типтроник,слева,черный металлик
462,Skoda Fabia,1700000,2002,Нур-Султан (Астана),универсал,1.4,255,механика,слева,голубой
463,Toyota Land Cruiser Prado,15500000,2014,Уральск,внедорожник,2.7,116130,автомат,слева,белый
464,Opel Vectra,800000,1993,Жетысай,седан,2,435000,механика,слева,голубой металлик
465,Daihatsu Esse,2700000,2005,Нур-Султан (Астана),пикап,2.4,0,механика,слева,зеленый металлик
466,Toyota Camry,14200000,2018,Нур-Султан (Астана),седан,2.5,32000,автомат,слева,белый
467,ВАЗ (Lada) 2172 (хэтчбек),900000,2008,Уральск,хэтчбек,1.6,203630,механика,слева,хамелеон
468,Mitsubishi Montero,5500000,2003,Нур-Султан (Астана),внедорожник,3.8,0,автомат,слева,серебристый металлик
469,Subaru Legacy,4176423,2006,Алматы,седан,2,220000,автомат,слева,серебристый
470,Volkswagen Passat,1500000,1993,Алматы,универсал,1.8,0,механика,слева,синий
471,Daewoo Nexia,990000,2010,Актобе,седан,1.6,239000,механика,слева,бежевый
472,Lexus LX 470,8900000,2003,Алматы,внедорожник,4.7,400000,автомат,слева,белый
473,Mercedes-Benz E 200,18000000,2018,Алматы,седан,2,86000,автомат,слева,белый
474,Volkswagen Transporter,2900000,1996,Нур-Султан (Астана),купе,1.9,0,механика,слева,синий
475,Volkswagen Vento,1250000,1993,Караганда,седан,1.8,201000,механика,слева,вишня
476,Hyundai Starex,2200000,1998,Тараз,минивэн,2.4,0,механика,слева,золотистый
477,Nissan NP300,4700000,2013,Нур-Султан (Астана),пикап,2.5,0,механика,слева,черный
478,Nissan Teana,5000000,2008,Аксу,седан,3.5,199000,вариатор,слева,черный
479,Kia Soul,10300000,2020,Нур-Султан (Астана),хэтчбек,2,11500,автомат,слева,черный
480,Daewoo Nexia,900000,2007,Нур-Султан (Астана),седан,1.6,170000,механика,слева,красный
481,Toyota Voxy,3399000,2013,Алматы,минивэн,2,131000,вариатор,справа,полный привод
482,Peugeot 408,3550000,2014,Байконыр,седан,1.6,75000,механика,слева,белый
483,Toyota Camry,2300000,1994,Алматы,седан,2.2,0,механика,слева,бордовый
484,Mitsubishi Pajero,5500000,1994,Алматы,внедорожник,3.5,200000,типтроник,справа,белый
485,Nissan Patrol,5000000,1999,Актобе,внедорожник,4,0,механика,слева,синий металлик
486,Toyota Avensis,2100000,2001,Актобе,седан,2,390,автомат,слева,золотистый
487,Lexus ES 250,8300000,2013,Петропавловск,седан,2.5,137000,автомат,слева,черный
488,Mitsubishi Outlander,6200000,2012,Алматы,кроссовер,2,120000,автомат,слева,белый
489,Volkswagen Touareg,8800000,2010,Нур-Султан (Астана),кроссовер,3.6,162000,автомат,слева,черный
490,Infiniti QX56,8888888,2006,Алматы,внедорожник,5.6,119000,автомат,слева,черный
491,Nissan NP300,3150000,2004,Нур-Султан (Астана),пикап,2.5,300000,механика,слева,черный
492,Mercedes-Benz C 220,1800000,1996,Алматы,седан,2.2,0,механика,слева,зеленый металлик
493,Nissan X-Trail,6500000,2018,Атырау,кроссовер,2,80000,вариатор,слева,полный привод
494,Mercedes-Benz CL 500,3500000,2003,Нур-Султан (Астана),купе,5,220000,автомат,слева,серый
495,Mazda 626,1150000,1992,Костанай,лифтбек,2,292000,механика,слева,вишня
496,ГАЗ ГАЗель,3000000,2006,Тараз,фургон,2.9,0,механика,слева,белый
497,Volkswagen Passat,1200000,1989,Есик,универсал,1.8,3000,механика,слева,вишня
498,Toyota Land Cruiser,31500000,2019,Алматы,внедорожник,4,17000,типтроник,слева,черный
499,Toyota Camry,3600000,2002,Кызылорда,седан,2.4,271000,автомат,слева,серебристый металлик
500,ВАЗ (Lada) 2121 Нива,4350000,2019,Усть-Каменогорск,внедорожник,1.7,5800,механика,слева,белый
501,Hyundai Accent,1800000,2003,Алматы,седан,1.6,178000,автомат,слева,серый
502,Toyota Corolla,6800000,2013,Актобе,седан,1.6,122000,вариатор,слева,белый
503,Ford Transit,6500000,2010,Алматы,фургон,2.2,44000,механика,слева,белый
504,Toyota Corolla,6000000,2015,Актау,седан,1.4,120000,механика,слева,белый
505,ВАЗ (Lada) 2114 (хэтчбек),650000,2005,Актау,хэтчбек,1.6,215000,механика,слева,бежевый металлик
506,ВАЗ (Lada) 2172 (хэтчбек),1800000,2012,Туркестан,хэтчбек,1.6,201000,механика,слева,серый
507,Nissan Qashqai,7300000,2016,Кокшетау,кроссовер,1.2,92000,вариатор,слева,белый
508,Volkswagen Touareg,10500000,2010,Нур-Султан (Астана),внедорожник,3.6,121000,автомат,слева,черный
509,Audi Q7,8900000,2009,Петропавловск,кроссовер,3,138000,автомат,слева,белый
510,ВАЗ (Lada) 2114 (хэтчбек),890000,2008,Костанай,хэтчбек,1.5,0,механика,слева,серый
511,Hyundai Solaris,2600000,2015,Уральск,седан,1.6,120000,механика,слева,белый
512,Chevrolet Cruze,2750000,2014,Актау,седан,1.6,185074,автомат,слева,серебристый металлик
513,ВАЗ (Lada) 2170 (седан),1250000,2008,Караганда,седан,1.6,0,механика,слева,серебристый
514,Nissan Juke,4500000,2011,Алматы,кроссовер,1.6,0,вариатор,слева,передний привод
515,Mitsubishi Delica,2700000,1996,Алматы,микроавтобус,2.8,0,автомат,справа,серый
516,Toyota Highlander,6000000,2002,Алматы,кроссовер,3,402250,автомат,слева,серый
517,Chevrolet Malibu,9500000,2020,Кульсары,седан,2,1700,автомат,слева,черный
518,Nissan Primera,1500000,1997,Шымкент,лифтбек,2,0,механика,слева,зеленый
519,Toyota Corolla,3650000,2005,Нур-Султан (Астана),седан,1.8,0,автомат,слева,серебристый металлик
520,Nissan Primera,1500000,1997,Шымкент,лифтбек,2,0,механика,слева,зеленый
521,Toyota Corolla,3650000,2005,Нур-Султан (Астана),седан,1.8,0,автомат,слева,серебристый металлик
522,Porsche Macan,20000000,2015,Алматы,кроссовер,3,39000,автомат,слева,черный
523,Toyota Camry,14000000,2018,Нур-Султан (Астана),седан,2.5,44179,типтроник,слева,черный
524,BMW 640,19500000,2015,Алматы,седан,3,33000,автомат,слева,белый
525,Mercedes-Benz E 280,3200000,1999,Семей,седан,2.8,320000,автомат,слева,задний привод
526,Toyota Carina E,2300000,1996,Нур-Султан (Астана),седан,2,0,механика,слева,голубой
527,Toyota Land Cruiser Prado,11800000,2008,Алматы,внедорожник,4,0,автомат,слева,белый
528,Mercedes-Benz E 280,2450000,1997,Атырау,седан,2.8,240000,автомат,слева,хамелеон
529,ВАЗ (Lada) 2114 (хэтчбек),790000,2010,Кызылорда,хэтчбек,1.5,128745,механика,слева,черный
530,Mitsubishi Pajero Sport,11500000,2014,Нур-Султан (Астана),внедорожник,3,146000,автомат,слева,черный
531,Audi 100,1300000,1993,Кокшетау,седан,2.8,0,механика,слева,передний привод
532,ВАЗ (Lada) 2190 (седан),2400000,2014,Актобе,седан,1.6,140,механика,слева,бордовый
533,Chevrolet Captiva,6000000,2014,Уральск,кроссовер,2.4,174000,автомат,слева,черный металлик
534,Toyota Land Cruiser Prado,11500000,2009,Нур-Султан (Астана),внедорожник,2.7,185000,автомат,слева,белый
535,Lifan Cebrium,2400000,2015,Аксай,седан,1.8,118000,механика,слева,серебристый металлик
536,Mercedes-Benz 190,1000000,1989,Тараз,седан,2.3,100000,механика,слева,черный
537,Toyota Camry,14800000,2019,Алматы,седан,2.5,37630,автомат,слева,черный
538,ЗАЗ Chance,720000,2009,Нур-Султан (Астана),седан,1.3,125000,механика,слева,голубой
539,Hyundai Equus,12000000,2015,Нур-Султан (Астана),седан,3.8,52000,типтроник,слева,белый металлик
540,Toyota Camry,1900000,1995,Алматы,седан,3,30000,автомат,слева,синий
541,Volkswagen Golf,880000,1994,Актобе,хэтчбек,2,314,механика,слева,красный металлик
542,Land Rover Range Rover Sport,6500000,2006,Караганда,внедорожник,4.2,280000,автомат,слева,серебристый
543,Audi 80,830000,1990,Нур-Султан (Астана),седан,1.8,0,механика,слева,синий
544,Subaru Forester,4900000,2006,Алматы,кроссовер,2.5,0,автомат,слева,полный привод
545,Porsche Cayenne,14000000,2011,Алматы,кроссовер,4.8,119000,автомат,слева,черный
546,ВАЗ (Lada) 2110 (седан),850000,2003,Кокшетау,седан,1.6,0,механика,слева,серебристый
547,Toyota Land Cruiser Prado,16000000,2010,Алматы,внедорожник,4,128000,автомат,слева,черный
548,Toyota Camry,3999000,2008,Атырау,седан,2.4,0,автомат,слева,белый
549,Hyundai Elantra,6099000,2013,Алматы,седан,1.8,132000,автомат,слева,бронза
550,Toyota Camry,10000000,2015,Нур-Султан (Астана),седан,2.5,83000,автомат,слева,белый
551,BMW 520,9300000,2015,Алматы,седан,2,150000,автомат,слева,черный
552,Toyota Camry,11950000,2019,Караганда,седан,2,35000,автомат,слева,белый
553,BMW X5 M,13500000,2010,Нур-Султан (Астана),кроссовер,4.4,129000,автомат,слева,хамелеон
554,BMW 520,1200000,1991,Алматы,седан,2,0,автомат,слева,черный
555,Volkswagen Golf,800000,1990,Тараз,хэтчбек,1.8,0,механика,слева,красный
556,Toyota Camry,9500000,2014,Шымкент,седан,2.5,104000,автомат,слева,белый металлик
557,Audi A6,3000000,1995,Нур-Султан (Астана),седан,2.8,322420,механика,слева,бордовый
558,Peugeot 607,2100000,2005,Алматы,седан,3,135000,автомат,слева,красный
559,Volkswagen Passat,1200000,1990,Шымкент,универсал,1.8,0,механика,слева,серый
560,Toyota Sprinter Marino,1080000,1994,Семей,седан,1.6,111,автомат,справа,зеленый
561,Toyota Land Cruiser,15700000,2008,Шымкент,внедорожник,4.7,166000,автомат,слева,белый
562,Nissan Patrol,9800000,2010,Актобе,внедорожник,5.6,265000,автомат,слева,черный
563,Toyota Camry,4600000,2006,Талдыкорган,седан,2.4,0,автомат,слева,серебристый
564,ЗАЗ 968,500000,1989,Актобе,седан,1.2,80000,механика,слева,зеленый
565,Hyundai i30,5790000,2014,Нур-Султан (Астана),хэтчбек,1.6,93688,автомат,слева,белый металлик
566,Toyota RAV 4,9900000,2015,Павлодар,кроссовер,2,88300,вариатор,слева,белый металлик
567,Ford Focus,2200000,2006,Алматы,хэтчбек,2,254064,автомат,слева,серый
568,Toyota Camry,5500000,2008,Алматы,седан,2.4,0,автомат,слева,черный
569,Mercedes-Benz E 200,1000000,1992,Да,Алматы,,0,2 (бензин),механика,слева
570,Toyota Land Cruiser,23200000,2014,Алматы,внедорожник,4.6,93500,автомат,слева,белый
571,Lexus RX 300,7300000,2005,Нур-Султан (Астана),кроссовер,3,200,автомат,слева,серый металлик
572,BMW X5,5699999,2003,Алматы,кроссовер,3,0,автомат,слева,полный привод
573,Lexus RX 300,5300000,2004,Актау,кроссовер,3,280000,автомат,слева,черный
574,Toyota Land Cruiser Prado,12700000,2010,Алматы,внедорожник,2.7,290000,автомат,слева,белый металлик
575,Toyota Highlander,10000000,2008,Актобе,кроссовер,3.5,0,автомат,слева,серебристый
576,Audi Q7,5800000,2008,Нур-Султан (Астана),кроссовер,4.2,110,автомат,слева,серый
577,Toyota Hilux Surf,3600000,1996,Актобе,внедорожник,2.7,388000,автомат,справа,серебристый металлик
578,Land Rover Range Rover,55000000,2018,Нур-Султан (Астана),внедорожник,3,25500,автомат,слева,черный
579,Toyota Camry,5400000,2004,Алматы,седан,3,0,автомат,слева,черный
580,Mitsubishi Montero Sport,3300000,1999,Нур-Султан (Астана),внедорожник,3,0,автомат,слева,черный
581,Kia Rio,4700000,2014,Костанай,седан,1.4,51000,механика,слева,белый
582,Toyota Land Cruiser,12000000,2008,Алматы,внедорожник,4.7,212000,автомат,слева,белый
583,Lexus LX 570,18000000,2009,Нур-Султан (Астана),внедорожник,5.7,180000,автомат,слева,белый металлик
584,Mercedes-Benz G 55 AMG,13000000,2003,Алматы,внедорожник,5.5,0,автомат,слева,черный
585,Toyota Town Ace Noah,2500000,1997,Алматы,минивэн,2.2,324000,автомат,справа,серебристый металлик
586,Toyota Camry,9200000,2014,Нур-Султан (Астана),седан,2.5,104000,автомат,слева,белый
587,Toyota Supra,3000000,1991,Нур-Султан (Астана),тарга,2.5,0,автомат,справа,черный
588,Mercedes-Benz ML 320,2750000,1998,Усть-Каменогорск,кроссовер,3.2,0,автомат,слева,полный привод
589,Mercedes-Benz E 280,5500000,2007,Алматы,седан,3,178000,автомат,слева,задний привод
590,Toyota HiAce,3800000,2007,Шымкент,микроавтобус,3,0,механика,слева,белый
591,ВАЗ (Lada) 2171 (универсал),1800000,2012,Уральск,универсал,1.6,176000,механика,слева,серебристый металлик
592,Hyundai Solaris,4200000,2017,Уральск,седан,1.6,40000,автомат,слева,черный
593,Ford Transit,1500000,1996,Алматы,фургон,2.5,0,механика,слева,белый
594,Mercedes-Benz A 160,1850000,1999,Жезказган,хэтчбек,1.6,213000,автомат,слева,белый
595,Daewoo Nexia,950000,2007,Актобе,седан,1.5,190000,механика,слева,голубой
596,ГАЗ ГАЗель,6400000,2015,Шымкент,фургон,2.9,0,механика,слева,коричневый
597,BMW X5,7000000,2006,Нур-Султан (Астана),кроссовер,4.8,220000,автомат,слева,синий
598,Volkswagen Transporter,1600000,1991,Кызылорда,минивэн,2,222222,механика,слева,передний привод
599,Mercedes-Benz E 230,1800000,1992,Нур-Султан (Астана),универсал,2.3,222,механика,слева,бордовый
